{
  "schema": "1.0",
  "type": "whmcs-addons",
  "name": "HivelocityPricingTool",
  "license": "proprietary",
  "description": {
    "name": "Hivelocity Pricing Management",
    "tagline": "Effortlessly adjust pricing to meet your business needs and market demands.",
    "long": "The Hivelocity Pricing Tool is your go-to resource for effortlessly managing and fine-tuning your pricing structures. With this tool, you can efficiently adjust prices to align with your business needs and market demands."
  },
  "logo": {
    "filename": "img/hilogo.png"
  },
  "authors": [
    {
      "name": "WHMCS",
      "homepage": "https:\/\/www.whmcs.com\/"
    }
  ]
}
